{  
   "policyHolder":{  
      "title":"",
      "firstName":"",
      "lastName":"",
      "address":"",
      "postalCode":"",
      "country":"",
      "email":"",
      "telephoneNo":"",
      "annualTurnover":"",
      "businessName" :""
   },
   "representative":{  
      "title":"",
      "firstName":"",
      "lastName":"",
      "address":"",
      "postalCode":"",
      "country":"",
      "email":"",
      "telephoneNo":""
   },
   "policyProviderContact":{
      "title":"",
      "firstName":"",
      "lastName":"",
      "address":"",
      "state":"",
      "country":"",
      "postalCode":"",
      "telephoneNo":"",
      "email":"",
      "annualTurnover":""
   },
   "policyDetail":{  
      "insuranceType":"",
      "registrationNumber":"",
      "insurancePolicyStart":"",
      "policyNumber":"",
      "syndicate":""
   },
   "complaintDetail":{
      "complaintsTo":"",
      "isRelateToClaim":"",
      "claimNumber":"",
      "claimOccurDate":"",
      "contactedFOS":"",
      "fosReference":"",
      "summary":"",
      "expectedResponse":""
   },
   "policyData":{  
      "date":"01/20/2016"
   }
}